work_id	title	author	rating	category	fandom	relationship	character	additional tags	language	published	status	status date	words	chapters	comments	kudos	bookmarks	hits
24592048	Back to Black	['RedSarling']	Teen And Up Audiences	F/M	名探偵コナン | Detective Conan | Case Closed	Akai Shuuichi | Okiya Subaru/Haibara Ai | Miyano Shiho, Akai Shuuichi | Okiya Subaru & Haibara Ai | Miyano Shiho, Akai Shuuichi | Okiya Subaru/Miyano Akemi, Gin/Haibara Ai | Miyano Shiho, Gin/Vermouth (Meitantei Conan)	Akai Shuuichi | Okiya Subaru, Haibara Ai | Miyano Shiho, Gin (Meitantei Conan), Miyano Akemi, Vermouth (Meitantei Conan)	Organization days story, ginsherry - Freeform, ShuuShi, and Akemi?...	English	2020-06-07	Updated	2022-05-25	65700	20/?	16	58	6	1690
38278852	Now I've Got the Flow	['Serozin']	Explicit	F/F	RWBY, Fire Emblem Series, Fire Emblem: Kakusei | Fire Emblem: Awakening, Tengen Toppa Gurren Lagann, 名探偵コナン | Detective Conan | Case Closed, Xenoblade Chronicles 2 (Video Game), Pocket Monsters | Pokemon - All Media Types, Keroro Gunsou | Sgt. Frog	Gimurei | Grima/Lucina, Yoko Littner/Nia Teppelin, Blake Belladonna/Kali Belladonna, Mouri Ran/Suzuki Sonoko, Hikari | Mythra/Homura | Pyra/Nia, Dark Momoka/Nishizawa Momoka, Homika | Roxie/Mei | Rosa		Girl Penis, Blow Jobs, Mind Break, Incest, Mother-Daughter Relationship, Glory Hole, Hand Jobs, Rimming, Threesome - F/F/F, Public Sex, Come Swallowing, Facials, Selfcest, Face-Fucking, Aged-Up Character(s)	English	2022-04-10	Updated	2022-05-24	3487	2/?	2	7	3	1236
27799087	I Hear You [Heiji Hattori × OC]	['hyhasi']	Teen And Up Audiences	F/M	Magic Kaito, 名探偵コナン | Detective Conan | Case Closed	Hattori Heiji/Original Female Character(s), Kudou Shinichi | Edogawa Conan & Original Character(s), Kudou Shinichi | Edogawa Conan/Mouri Ran, Hattori Heiji/Reader	Hattori Heiji, Original Characters, Original Female Character(s), Kudou Shinichi | Edogawa Conan, Mouri Ran, Kudou Yukiko, Kudou Yuusaku, Hakuba Saguru, Kuroba Kaito | Kaitou Kid, Tooyama Kazuha, Suzuki Sonoko, Shounen Tantei-dan | Detective Boys, Nakamori Aoko	Fluff, Light Angst, Romance, Falling In Love, Mental Health Issues, Mental Breakdown, Non-Graphic Violence, Murder, Sarcasm, Unhealthy Coping Mechanisms, Enemies to Friends to Lovers, Emotional Hurt/Comfort, Everyone Needs A Hug, I Wrote This Instead of Sleeping, The Author Regrets Nothing, Mentions of Taylor Swift, Murder Mystery, Musicians, Classical Music, Slow Burn, Sibling Bonding, Author Is Sleep Deprived, I'm Sorry, I'm Bad At Tagging, Attempted Rape/Non-Con, Partners in Crime, Insecurity, Bad Jokes	English	2021-12-26	Updated	2022-05-24	11969	5/?	3	24	3	392
38365606	Meeting You a Second Time	['FantomWriter3120']	Mature	F/M, Gen, M/M, Multi, Other	Magic Kaito, 名探偵コナン | Detective Conan | Case Closed	Hakuba Saguru & Kuroba Kaito | Kaitou Kid, Hakuba Saguru/Kuroba Kaito | Kaitou Kid, Hakuba Saguru & Hattori Heiji & Kudou Shinichi | Edogawa Conan & Kuroba Kaito | Kaitou Kid, Hakuba Saguru & Kudou Shinichi | Edogawa Conan, Hakuba Saguru & Hattori Heiji	Hakuba Saguru, Kuroba Kaito | Kaitou Kid, Nakamori Aoko, Nakamori Ginzou, Baaya | Hakuba Saguru's Housekeeper, Kaito Kid Task Force (Meitantei Conan/Magic Kaito), Kudou Shinichi | Edogawa Conan, Hattori Heiji, Superintendent-General Hakuba (Meitantei Conan/Magic Kaito), Megure Juuzou, Mouri Ran, Koizumi Akako, Spider | Gunter von Goldberg II	Emotional Hurt/Comfort, Hurt/Comfort, Bonding, Team Bonding, Crime Fighting, Organized Crime, Mild Gore, Post-Traumatic Stress Disorder - PTSD, Post-Canon, Ten Years Later, Implied/Referenced Suicide, Implied/Referenced Character Death, Crime Scenes, Crime Scene Description, Murder, Murder Mystery, Heist, Protective Kuroba Kaito | Kaitou Kid, Hurt Kuroba Kaito | Kaitou Kid, Hurt Hakuba Saguru, Angst, Angst with a Happy Ending, hakuba needs a hug, Kaito needs a hug, Everyone Has Issues, Caffeine Addiction, Insomnia, Headaches & Migraines, Blood, Blood and Injury, Fluff and Hurt/Comfort, Nightmares	English	2022-04-14	Updated	2022-05-24	8422	3/?	11	39	5	306
22417732	Second Chance	['SailorStar9']	Teen And Up Audiences	F/M	Bishoujo Senshi Sailor Moon | Pretty Guardian Sailor Moon (Anime & Manga), 名探偵コナン | Detective Conan | Case Closed	Furuya Rei/Mizuno Ami	Amuro Tooru | Furuya Rei, Mizuno Ami, Original Male Character(s), Shounen Tantei-dan | Detective Boys	Anti-Crystal Tokyo, All The Inner Senshi are paired up, Single Mother!Ami, Police Officer!Ami, Sassy!Ami, Anti-Usagi, Sort Of, This authoress regrets nothing, Not Beta Read, Implied Sexual Content, Divorced Mamoru/Usagi, Minor Character Death, This IS Detective Conan afterall, Breaking the Fourth Wall	English	2020-01-26	Updated	2022-05-24	168648	114/?	5	24	3	1086
38738061	【AmuCo/FuruShin】Home	['quartz1203']	General Audiences	M/M	名探偵コナン | Detective Conan | Case Closed	Amuro Tooru | Furuya Rei & Kudou Shinichi | Edogawa Conan, Amuro Tooru | Furuya Rei/Kudou Shinichi | Edogawa Conan	Amuro Tooru | Furuya Rei, Kudou Shinichi | Edogawa Conan, Kazami Yuuya	translation work, please look at the summary	English	2022-05-02	Updated	2022-05-24	15487	3/20	9	38	11	535
38866962	Why?	['Xiema']	General Audiences	M/M	名探偵コナン | Detective Conan | Case Closed	Akai Shuuichi | Okiya Subaru/Gin	Akai Shuuichi | Okiya Subaru, Gin (Meitantei Conan), Kudou Shinichi | Edogawa Conan, Haibara Ai | Miyano Shiho	Enemies to Lovers, kid Gin, APTX 4869	English	2022-05-08	Updated	2022-05-24	9493	4/?	4	18	3	193
39189513	A Spoonful of Sunshine	['Alaena_F_Dragonstar']	Teen And Up Audiences	M/M	名探偵コナン | Detective Conan | Case Closed, Magic Kaito	Kudou Shinichi | Edogawa Conan/Kuroba Kaito | Kaitou Kid	Kudou Shinichi | Edogawa Conan, Kuroba Kaito | Kaitou Kid	Post-Conan Kudou Shinichi, Established Relationship, Romance, Humor, Fluff, Birthday Fluff, High Heels, Coffee	English	2022-05-24	Completed	2022-05-24	4454	1/1	1	60	8	316
36463648	Of Comets and Gems	['wisteria_1412']	General Audiences	Gen, M/M	名探偵コナン | Detective Conan | Case Closed, Magic Kaito	Kudou Shinichi | Edogawa Conan/Kuroba Kaito | Kaitou Kid	Kuroba Kaito | Kaitou Kid, Kudou Shinichi | Edogawa Conan, Hattori Heiji, Mouri Ran	Magic Kaito Organization, mk org isn't so weak, Kuroba Kaito | Kaitou Kid Doesn't Know Edogawa Conan Is Kudou Shinichi, Some chapters betaed	English	2022-01-16	Updated	2022-05-24	5925	4/?	15	174	28	1691
36961921	Shounen Futa Q&A	['Imouto_Kitten']	Explicit	F/F, F/M, Multi, Other	Dragonball, Bleach, Naruto, One Piece, Soul Eater, Yu-Gi-Oh, Shaman King, Detective Conan, YuYu Hakusho			Futanari, Shotacon, Lolicon	English	2022-02-07	Updated	2022-05-24	8562	5/?	40	15	4	3731
37681951	The Return	['Shinigami24']	Explicit	M/M	名探偵コナン | Detective Conan | Case Closed	Akai Shuuichi | Okiya Subaru/Amuro Tooru | Furuya Rei/Scotch | Morofushi Hiromitsu, Amuro Tooru | Furuya Rei/Scotch | Morofushi Hiromitsu, Akai Shuuichi | Okiya Subaru/Amuro Tooru | Furuya Rei, Akai Shuuichi | Okiya Subaru/Scotch | Morofushi Hiromitsu, Hagiwara Kenji/Matsuda Jinpei, Minor or Background Relationship(s)	Akai Shuuichi | Okiya Subaru, Amuro Tooru | Furuya Rei, Scotch | Morofushi Hiromitsu, Amuro Haro | Furuya Rei's Dog, Kudou Shinichi | Edogawa Conan, Sera Masumi, Matsuda Jinpei, Hagiwara Kenji, Date Wataru, Hondou Eisuke, Hattori Heiji, Kuroba Kaito | Kaitou Kid, Minor Characters	Black Organization (Meitantei Conan), Fluff, Smut, Arc: Shogi Player Serial Murder Case c1043-1046 | 1033-1035 (Meitantei Conan), Arc: Policewomen Serial Murder Case c1013-1017 | 971-974 (Meitantei Conan), Arc: FBI Serial Murder Case c1061-1066 (Meitantei Conan)	English	2022-03-12	Updated	2022-05-24	5740	17/20	null	61	null	123
39183303	The sparrow & the fox	['whisperinghaze']	Not Rated	F/M, M/M	名探偵コナン | Detective Conan | Case Closed, Magic Kaito, Harry Potter - J. K. Rowling	Kudou Shinichi | Edogawa Conan/Kuroba Kaito | Kaitou Kid, Kudou Shinichi | Edogawa Conan & Mouri Ran	Kudou Shinichi | Edogawa Conan, Kuroba Kaito | Kaitou Kid, Mouri Ran, Hattori Heiji, Haibara Ai | Miyano Shiho, Tooyama Kazuha, Hakuba Saguru, Vermouth (Meitantei Conan), Agasa Hiroshi	Alternate Universe - Harry Potter Setting, Alternate Universe - Magic, Romance, Friendship, Slash, Shounen-ai, Alternate Universe - Supernatural Elements, Other Additional Tags to Be Added, Slow Burn, Eventual Smut, Shrunk!Shinichi, Temporarily Unrequited Love, kaishin - Freeform, Shinichi/Ran is mostly only mentioned, Ravenclaw!Shinichi later on, Teacher!Kaito later on, Japan has it's own magic school, yep, I made one up of my own, Mystery/Adventure, Getting Together	English	2022-05-23	Updated	2022-05-23	13082	2/?	1	22	2	139
39176283	Empty Hearts and How They Fill	['Liridus']	General Audiences	Gen	名探偵コナン | Detective Conan | Case Closed	Akai Shuuichi | Okiya Subaru & Sera Masumi, Haneda Shuukichi & Sera Masumi, Mary Sera & Sera Masumi, Haibara Ai | Miyano Shiho & Sera Masumi	Sera Masumi, Akai Shuuichi | Okiya Subaru, Mary Sera, Haneda Shuukichi, Kudou Shinichi | Edogawa Conan, Mouri Ran, Amuro Tooru | Furuya Rei, Haibara Ai | Miyano Shiho, Miyamoto Yumi		English	2022-05-23	Completed	2022-05-23	5243	4/4	null	7	1	89
39174789	Time Ticks True	['Takara_Phoenix']	General Audiences	M/M	名探偵コナン | Detective Conan | Case Closed, Magic Kaito	Hakuba Saguru/Kudou Shinichi | Edogawa Conan	Hakuba Saguru, Kudou Shinichi | Edogawa Conan, Mouri Ran, Kuroba Kaito | Kaitou Kid	Shounen-ai, Slash, Soulmates, Soulmate-Identifying Timers, Identity Reveal, poor Kaito stuck in the middle having to help two helpless detectives, Kuroba Kaito is a Good Friend	English	2022-05-23	Completed	2022-05-23	1967	1/1	2	82	6	346
37762663	Shenanigans in Beika	['SadisticWoof']	Teen And Up Audiences	Gen	名探偵コナン | Detective Conan | Case Closed	Kudou Shinichi | Edogawa Conan & Mouri Ran & Suzuki Sonoko, Kudou Shinichi | Edogawa Conan & Suzuki Sonoko, Mouri Ran & Suzuki Sonoko, Kudou Shinichi | Edogawa Conan & Mouri Ran	Kudou Shinichi | Edogawa Conan, Mouri Ran, Suzuki Sonoko, Nakamichi (Meitantei Conan), Tooyama Kazuha, Kyougoku Makoto	Social Media, Texting, Attempt at Humor, Friendship, Male-Female Friendship, Kudou Shinichi and Suzuki Sonoko are best friends, Mouri Ran Appreciation, Suzuki Sonoko Appreciation, they share one braincell, Ran has the braincell, Tashiro (Meitantei Conan), Hidaka (Meitantei Conan), Aizawa Eisuke (Meitantei Conan), Chatting & Messaging, Angst	English	2022-04-05	Updated	2022-05-23	22351	8/?	34	98	22	1312
39169047	Piranha Tank	['Browa123']	Teen And Up Audiences	Gen	名探偵コナン | Detective Conan | Case Closed, Magic Kaito		Kuroba Kaito | Kaitou Kid, Kuroba Touichi, Kuroba Chikage	One Shot, Piranhas, Magic Tricks, escape tricks, i wrote this in one sitting, Headcanon	English	2022-05-23	Completed	2022-05-23	1204	1/1	1	18	5	75
39167400	Kiss of the Creature	['saltfactory']	Teen And Up Audiences	Gen	名探偵コナン | Detective Conan | Case Closed	Kudou Shinichi | Edogawa Conan & Yoshida Ayumi	Kudou Shinichi | Edogawa Conan, Yoshida Ayumi	Alternate Universe - Canon Divergence, Alternate Universe - Supernatural Elements, Alternate Universe - Horror, Edogawa Conan and Kudou Shinichi are Separate People, Alternate Universe - Dark, Implied/Animal Harm	English	2022-05-23	Completed	2022-05-23	2076	1/1	2	8	2	96
37896697	The internet knows	['Snek44']	General Audiences		名探偵コナン | Detective Conan | Case Closed, Magic Kaito		Haibara Ai | Miyano Shiho, Kaito Kid Task Force (Meitantei Conan/Magic Kaito), Kuroba Kaito | Kaitou Kid, Hattori Heiji, Hakuba Saguru, Suzuki Sonoko	Crack, Social Media, Twitter, a bit of blackmail	English	2022-03-22	Updated	2022-05-22	8024	2/?	14	85	21	668
38842518	Red Contradictions	['KayoAsano']	Teen And Up Audiences	F/M	名探偵コナン | Detective Conan | Case Closed	Haibara Ai | Miyano Shiho/Kudou Shinichi | Edogawa Conan	Mouri Ran, Agasa Hiroshi, Satou Miwako, Takagi Wataru, Tsuburaya Mitsuhiko, Kojima Genta, Yoshida Ayumi, Akai Shuuichi | Okiya Subaru, Jodie Starling, Sera Masumi, Hattori Heiji, Kisaki Eri, Gin (Meitantei Conan), Vermouth (Meitantei Conan), Rum (Meitantei Conan), Suzuki Sonoko, Shounen Tantei-dan | Detective Boys, Black Organization Member(s) (Meitantei Conan), FBI (Meitantei Conan), Kobayashi Sumiko, Mouri Kogorou, Hondou Eisuke, Miyano Akemi, Miyano Elena, Miyano Atsushi, Haibara Ai | Miyano Shiho, Kudou Shinichi | Edogawa Conan, Tooyama Kazuha, Shiratori Ninzaburou, Mary Sera, Amuro Tooru | Furuya Rei, Mizunashi Rena | Hondou Hidemi	Action, Slow Romance, Hurt/Comfort, Past Abuse, Suicide Attempt, Family Feels, Friendship, Sisters, Revenge, Murder Mystery, Partnership, Forgiveness, Murder, Crimes & Criminals	English	2022-05-07	Updated	2022-05-25	53332	11/?	24	61	5	1012
37552300	Chicken Machine	['KyeAbove']	Teen And Up Audiences	Gen, M/M	Magic Kaito, 名探偵コナン | Detective Conan | Case Closed	Hakuba Saguru/Kuroba Kaito | Kaitou Kid	Hakuba Saguru, Kuroba Kaito | Kaitou Kid, Kenta Connery, Nakamori Aoko, Kudou Shinichi | Edogawa Conan, Hattori Heiji, Watson | Hakuba Saguru's Hawk, Snake | Jackal (Magic Kaito)	Texting, Fluff and Humor, Married Couple, Children, Swearing, Kuroba Touichi Lives But At What Cost	English	2022-03-06	Updated	2022-05-22	945	3/?	null	33	5	187
31860235	Sleight	['fluxfiction']	General Audiences	Gen	Leverage, 名探偵コナン | Detective Conan | Case Closed, Magic Kaito		Kudou Shinichi | Edogawa Conan, Kuroba Kaito | Kaitou Kid, Nathan Ford, Team Leverage, FBI (Meitantei Conan), Detective Conan Ensemble	Kaitou Kid Heist (Meitantei Conan/Magic Kaito), Mastermind VS Mastermind, Heist fic, Crossover, no series knowledge required	English	2021-06-10	Updated	2022-05-22	6178	2/3	25	85	22	778
32503054	Bitter Herbs	['Magpythe']	Teen And Up Audiences	Gen	名探偵コナン | Detective Conan | Case Closed	Hakuba Saguru & Kudou Shinichi | Edogawa Conan & Kuroba Kaito | Kaitou Kid, Kudou Shinichi | Edogawa Conan & Mouri Ran, Hattori Heiji & Kudou Shinichi | Edogawa Conan	Kudou Shinichi | Edogawa Conan, Mouri Ran, Hakuba Saguru	Blackorg au, conan gets got, he'd say otherwise but also he knows its true, Blackmail, Black Organization (Meitantei Conan), Black Organization Member Kudou Shinichi | Edogawa Conan, Alternate Universe - Canon Divergence, Kudou Shinichi | Edogawa Conan Angst, Working for the enemy	English	2021-07-11	Updated	2022-05-22	7649	3/9	3	38	8	567
38927553	Smile, You're a Hero!	['TricolorMina']	Explicit	Gen	名探偵コナン | Detective Conan | Case Closed, unOrdinary (Webcomic), 僕のヒーローアカデミア | Boku no Hero Academia | My Hero Academia, Magic Kaito		John Doe (unOrdinary), Seraphina (unOrdinary), Arlo (unOrdinary), William Doe, Jane Doe (unOrdinary), Valerie (unOrdinary), Remi (unOrdinary), Blyke (unOrdinary), Isen (unOrdinary), Claire (unOrdinary), Adrion (unOrdinary), Rei (unOrdinary), EMBER Agents (unOrdinary), Elaine (unOrdinary), Volcan (unOrdinary), Dr. Darren (unOrdinary), Leilah (unOrdinary), Yagi Toshinori | All Might, Midoriya Izuku, Sensei | All For One, Midoriya Hisashi, Past One For All Users (My Hero Academia), Shimura Nana, Shigaraki Tomura | Shimura Tenko, Yoichi | First One For All User (My Hero Academia), Takami Keigo | Hawks, Class 1-A (My Hero Academia), Class 1-B (My Hero Academia), U.A.'s Big Three (My Hero Academia), Shiketsu High Students (My Hero Academia), U.A. Faculty (My Hero Academia), League of Villains (My Hero Academia), Eri (My Hero Academia), Black Organization Member(s) (Meitantei Conan), FBI (Meitantei Conan), Kudou Family (Meitantei Conan), Kudou Shinichi | Edogawa Conan, Haibara Ai | Miyano Shiho, Akai Shuuichi | Okiya Subaru, Amuro Tooru | Furuya Rei, Curaçao (Meitantei Conan), Vermouth (Meitantei Conan), Gin (Meitantei Conan)	Alternate Universe - Canon Divergence, Hurt/Comfort, Angst and Feels, References to Depression, Canon-Typical Violence, Rated For Violence, Spoilers, During Canon, Denial of Feelings, Therapy, Everyone Needs A Hug, God-tiers (unOrdinary), Quirks (My Hero Academia), Sensei | All For One is Midoriya Hisashi, Drinking to Cope, Post-Traumatic Stress Disorder - PTSD, Psychological Trauma, Character Death, References to Drugs, Implied/Referenced Drug Use	English	2022-05-11	Updated	2022-05-26	7819	5/?	4	63	2	326
36536176	Demons and Nightmares	['Rikai']	Mature	M/M	名探偵コナン | Detective Conan | Case Closed, Magic Kaito	Kudou Shinichi | Edogawa Conan/Kuroba Kaito | Kaitou Kid	Kudou Shinichi | Edogawa Conan, Kuroba Kaito | Kaitou Kid, Kuroba Chikage, Haibara Ai | Miyano Shiho, Hakuba Saguru	Chikage is a terrible mother, Chikage is a terrible person, Kuroba Kaito | Kaitou Kid Needs a Hug, Kudou Shinichi | Edogawa Conan Needs a Hug, Hakuba is lost, Kaito and Shinichi both ignore their affections, Kaito and Shinichi grew up together, Post-Conan Kudou Shinichi, College, Coffee, Headaches, Possession, Psychics, Alternate Universe - Demons, Hurt Kuroba Kaito | Kaitou Kid, Suicidal Thoughts, Suicidal Kaito, Bottom Kuroba Kaito | Kaitou Kid, Top Kudou Shinichi | Edogawa Conan, Anal Sex, Anal Fingering, First Time, First Time Blow Jobs, First Time Bottoming, First Time Topping, No Beta, Emotional Hurt/Comfort, Kaito's a heartbroken idiot, Shinichi needs to get better with comfort	English	2022-01-20	Updated	2022-05-21	79672	12/?	5	120	19	2720
39128727	Cubs	['FeatherDragon']	General Audiences	Gen	名探偵コナン | Detective Conan | Case Closed	Kudou Shinichi | Edogawa Conan & Mouri Kogorou	Kudou Shinichi | Edogawa Conan, Mouri Kogorou, Goro | Kisaki Eri's Cat, Mouri Ran	parents being parents, this fic contains cat	English	2022-05-21	Completed	2022-05-21	3176	1/1	8	36	6	174
36740173	The White Collar Phantom Thief	['Takara_Phoenix']	Explicit	Gen, M/M	Magic Kaito, 名探偵コナン | Detective Conan | Case Closed	Kudou Shinichi | Edogawa Conan/Kuroba Kaito | Kaitou Kid, Kudou Shinichi | Edogawa Conan & Nakamori Aoko, Kuroba Kaito | Kaitou Kid & Nakamori Aoko, Kudou Shinichi | Edogawa Conan & Mouri Ran, Hakuba Saguru & Kudou Shinichi | Edogawa Conan, Hattori Heiji & Kudou Shinichi | Edogawa Conan, Mouri Ran/Sera Masumi, Hakuba Saguru/Nakamori Aoko, Hattori Heiji/Tooyama Kazuha, Kyougoku Makoto/Suzuki Sonoko, Satou Miwako/Takagi Wataru	Kuroba Kaito | Kaitou Kid, Kudou Shinichi | Edogawa Conan, Hakuba Saguru, Sera Masumi, Hattori Heiji, Nakamori Aoko, Koizumi Akako, Amuro Tooru | Furuya Rei, Akai Shuuichi | Okiya Subaru, Takagi Wataru, Satou Miwako, Mouri Ran, Suzuki Sonoko, Kyougoku Makoto, Tooyama Kazuha, Haibara Ai | Miyano Shiho, Agasa Hiroshi, Yoshida Ayumi, Tsuburaya Mitsuhiko, Kojima Genta	Shounen-ai, Slash, Detective Conan Post-Canon, Post-Conan Kudou Shinichi, Identity Reveal, Magic Kaito's BO is a branch of Detective Conan's BO, Canon-Typical Magic, Canon-Typical Crossdressing, Hurt/Comfort, Fluff, Found Family, Fake/Pretend Relationship, smut in later chapters, Explicit Sexual Content, Anal, Oral, Top Kuroba Kaito | Kaitou Kid, Bottom Kudou Shinichi | Edogawa Conan, Oblivious Kudou Shinichi | Edogawa Conan, Mutual Pining, Jealous Kuroba Kaito | Kaitou Kid, Protective Kuroba Kaito | Kaitou Kid, Canon-Typical Death/Violence	English	2022-01-29	Updated	2022-05-21	19136	5/?	42	240	50	2880
39120405	An A.I. Wrote Fanfiction: DCMK Addition	['SkylerLightingStrike']	Not Rated	Multi	名探偵コナン | Detective Conan | Case Closed, Magic Kaito	Kudou Shinichi | Edogawa Conan/Kuroba Kaito | Kaitou Kid	Kudou Shinichi | Edogawa Conan, Kuroba Kaito | Kaitou Kid	Domestic Fluff, Fluff, Crack, Not Canon Compliant, Author Doesn't Know What's Happening, The Author Regrets Nothing, A.I. generated text, Other Additional Tags to Be Added	English	2022-05-20	Updated	2022-05-20	818	2/?	null	4	null	104
32299162	Our Life as a Family	['kuumakun92']	Teen And Up Audiences	F/M	名探偵コナン | Detective Conan | Case Closed	Haibara Ai | Miyano Shiho/Kudou Shinichi | Edogawa Conan, Haibara Ai | Miyano Shiho & Kudou Shinichi | Edogawa Conan	Kudou Shinichi | Edogawa Conan, Haibara Ai | Miyano Shiho	Family, Family Drama, Drama & Romance, Romance, Secret Marriage, Marriage of Convenience, Our Life as a Family, Family Fluff, Romantic Fluff, Domestic Bliss, Domestic Fluff, Post-Canon, Age Difference, Older Man/Younger Woman, Slice of Life	English	2021-07-01	Updated	2022-05-20	132514	44/?	153	228	18	7615
37878724	Once upon a Organization	['Ariotsukki']	Teen And Up Audiences	Other	名探偵コナン | Detective Conan | Case Closed	Kudou Shinichi | Edogawa Conan & Original Character(s)	Kudou Shinichi | Edogawa Conan, Mouri Ran, Mouri Kogorou, Original Characters, Kuroba Kaito | Kaitou Kid	i'll put the rest of the tag as i continue	English	2022-03-21	Updated	2022-05-20	6173	5/?	null	4	null	93
39109227	Bitter Shot	['nguyenramel']	Not Rated	M/M	名探偵コナン | Detective Conan | Case Closed	Amuro Tooru | Furuya Rei/Kudou Shinichi | Edogawa Conan	Amuro Tooru | Furuya Rei, Kudou Shinichi | Edogawa Conan	Hurt/Comfort, Blood and Injury, Light Angst, How Do I Tag, Flash Fic	English	2022-05-20	Completed	2022-05-20	367	1/1	null	18	1	146
39069660	The dark manor and its residents	['Violet_Art']	Explicit	M/M	名探偵コナン | Detective Conan | Case Closed	Hakuba Saguru/Kuroba Kaito | Kaitou Kid	Hakuba Saguru, Baaya | Hakuba Saguru's Housekeeper, Kuroba Kaito | Kaitou Kid	Angst	English	2022-05-18	Completed	2022-05-20	5701	3/3	null	53	null	166
35445250	Windfall	['TheYsabet']	Teen And Up Audiences		Magic Kaito, 名探偵コナン | Detective Conan | Case Closed	Kuroba Kaito | Kaitou Kid/Nakamori Aoko, Kudou Shinichi | Edogawa Conan/Mouri Ran	Kuroba Kaito | Kaitou Kid, Nakamori Aoko, Kudou Shinichi | Edogawa Conan, Mouri Ran, Detective Conan and Magic Kaito Ensemble, Original Characters	Sequel to Second Wind, Large chapters no apologies, WAFF, The Pandora Gem isn't what it's supposed to be, The Pandora Gem IS exactly what it's supposed to be, Poor Hattori deals with a lot, Growing up and what happens next, Yes it's an AU but so what else is new, Finally rewriting and finishing this monster of an old fic	English	2021-12-01	Updated	2022-05-20	224653	18/?	38	60	8	1799
38931114	Fragments of Yesterday	['Alaena_F_Dragonstar']	Teen And Up Audiences	M/M	名探偵コナン | Detective Conan | Case Closed, Magic Kaito	Kudou Shinichi | Edogawa Conan/Kuroba Kaito | Kaitou Kid	Kudou Shinichi | Edogawa Conan, Kuroba Kaito | Kaitou Kid, Hattori Heiji, Mouri Ran, Hakuba Saguru	Alternate Universe - Modern with Magic, Alternate Universe - Supernatural Elements, Established Relationship, Romance, Hurt/Comfort, Humor, Friendship, Oracle!Shinichi, Magic Going Crazy, Dark Past	English	2022-05-11	Completed	2022-05-20	16122	4/4	1	53	3	754
27665033	Nature, Three Pink Roses and a Brute Squad	['RoonRune']	Mature	Multi	名探偵コナン | Detective Conan | Case Closed, Magic Kaito	Kudou Shinichi | Edogawa Conan/Kuroba Kaito | Kaitou Kid/Mouri Ran	Kuroba Kaito | Kaitou Kid, Nakamori Aoko, Nakamori Ginzou, Kudou Shinichi | Edogawa Conan, Mouri Ran, Kuroba Chikage | Phantom Lady, OC Brute Squad | Connor Miller | Roman Kahale | Chance Forest | Mallary O'Rourke | Carter Maize, Mouri Kogorou, Kudou Yukiko, Kudou Yuusaku, Kisaki Eri, Agasa Hiroshi, Kojima Genta, Tsuburaya Mitsuhiko, Yoshida Ayumi, Hakuba Saguru	Supernatural Elements, Bi-Gender, Multiple Partners, Mild Language, Pseudoscience, Explicit Sexual Content, Threesome - F/M/M, Intersex, Yaoi	English	2020-11-22	Updated	2022-05-26	86788	6/?	21	38	4	622
39054240	The bell-like blue moon plays the melody of a gunshot	['Welt_Ende']	Teen And Up Audiences	F/M, Multi, Other	名探偵コナン | Detective Conan | Case Closed, 殺戮の天使 | Satsuriku no Tenshi | Angels of Death (Anime), 殺戮の天使 | Satsuriku no Tenshi | Angels of Death (Manga)	"Isaac ""Zack"" Foster & Rachel ""Ray"" Gardner, Kudou Shinichi | Edogawa Conan/Mouri Ran, Haibara Ai | Miyano Shiho & Kudou Shinichi | Edogawa Conan, Akai Shuuichi | Okiya Subaru/Miyano Akemi, Amuro Tooru | Furuya Rei & Scotch | Morofushi Hiromitsu, Gin & Vodka (Meitantei Conan)"	"Rachel ""Ray"" Gardner, Kudou Shinichi | Edogawa Conan, Mouri Ran, Mouri Kogorou, Haibara Ai | Miyano Shiho, Black Organization Member(s) (Meitantei Conan), Akai Shuuichi | Okiya Subaru, Miyano Akemi, Enomoto Azusa, Isaac ""Zack"" Foster"	Crimes & Criminals, Detectives, Double Agents, Police, Implied/Referenced Child Abuse, Love/Hate, Murder Mystery, Background Relationships, Minor Character Death	English	2022-05-17	Updated	2022-05-19	3536	2/?	null	42	null	44
36282643	The Extinction Heist	['tanteiassociation4869']	Not Rated	F/M, Multi, Other	名探偵コナン | Detective Conan | Case Closed, Magic Kaito	Kudou Shinichi | Edogawa Conan/Original Female Character(s), Kudou Shinichi | Edogawa Conan/Mouri Ran, Kuroba Kaito | Kaitou Kid/Original Female Character(s) (brief mentioned), Original Female Character/Original Male Character, Mouri Ran & Suzuki Sonoko, Mouri Kogorou & Mouri Ran, Kisaki Eri/Mouri Kogorou, characters are kids (this is pre-before 21st century holmes)	Mouri Ran, Suzuki Sonoko, Original Characters, Original Female Child Character(s), Original Male Character(s), Original Child Character(s)	Child Kudou Shinichi | Edogawa Conan, Implied/Referenced Child Abuse, Implied/Referenced Character Death, Dubious Morality, Moral Ambiguity, Morally Ambiguous Character, Alternate Universe, Alternate Universe - Canon Divergence, before the shrink, Heavy Angst, Dialogue Heavy, cunning female lead, villainess - Freeform, unlikely friends, Enemies to Friends, Angst and Tragedy, Bullying, Childhood Friends, Very evil children, murderous psychotic children	English	2022-01-08	Updated	2022-05-19	216548	43/?	51	259	6	538
25641238	The Helping Hand	['TheCaterpillarCalledLorik']	Teen And Up Audiences	F/M	Magic Kaito, 名探偵コナン | Detective Conan | Case Closed	Kuroba Kaito | Kaitou Kid & Nakamori Aoko, Kuroba Chikage/ Kuroba Toichi	Nakamori Aoko, Kuroba Kaito | Kaitou Kid, Jii Konosuke, Kuroba Chikage, Kuroba Toichi	This is the main story, Aoko becomes an accomplise and assistant, There's an entire organization of preformers looking to dull out some justice, Aoko plays the main role	English	2020-08-01	Updated	2022-05-19	34829	8/?	7	21	2	427
17474012	Inner Workings of an Author's Mind	['Phantoms_Echo']	Teen And Up Audiences	M/M	名探偵コナン | Detective Conan | Case Closed, Magic Kaito	Kudou Shinichi | Edogawa Conan/Kuroba Kaito | Kaitou Kid, Hakuba Saguru/Hattori Heiji	Kudou Shinichi | Edogawa Conan, Kuroba Kaito | Kaitou Kid, Hattori Heiji, Hakuba Saguru, Author - Character	Short, Dialogue-Only, Screenplay/Script Format, Comedy, Crossover, Little bit of Voltron, Little bit of FMA	English	2018-01-19	Updated	2022-05-19	9760	10/?	140	187	7	3499
39087840	Blue Moon	['whisperinghaze']	Not Rated	M/M	名探偵コナン | Detective Conan | Case Closed, Magic Kaito	Kudou Shinichi | Edogawa Conan/Kuroba Kaito | Kaitou Kid	Kudou Shinichi | Edogawa Conan, Kuroba Kaito | Kaitou Kid, Mouri Ran, Hakuba Saguru, Hattori Heiji	Alternate Universe - Royalty, Alternate Universe - Magic, Alternate Universe - Supernatural Elements, Romance, Friendship, Slash, Shounen-ai, Magic, kaishin - Freeform, Paladin!Hakuba, First Kiss, Prince!Shinichi, Prince!Kaito, Might Be Continued?, Other Additional Tags to Be Added	English	2022-05-19	Completed	2022-05-19	6028	1/1	13	97	10	465
35759833	Second Chance: Another Story	['SailorStar9']	Teen And Up Audiences	F/M	Bishoujo Senshi Sailor Moon | Pretty Guardian Sailor Moon (Anime & Manga), 名探偵コナン | Detective Conan | Case Closed	Amuro Tooru | Furuya Rei/Mizuno Ami	Amuro Tooru | Furuya Rei, Mizuno Ami, Shounen Tantei-dan | Detective Boys, Tokyo Metropolitan Police Officers (Meitantei Conan)	Coroner!Ami, This authoress regrets nothing, Not Beta Read, Minor Character Death, This IS Detective Conan afterall	English	2021-12-17	Updated	2022-05-26	206795	114/?	3	51	1	1042
37681945	DCMK Shorts	['Kebuyo']	Not Rated	M/M, Multi, Other	名探偵コナン | Detective Conan | Case Closed	Akai Shuuichi | Okiya Subaru/Amuro Tooru | Furuya Rei, Morofushi Takaaki/Uehara Yui/Yamato Kansuke, Other Relationship Tags to Be Added	Amuro Tooru | Furuya Rei, Akai Shuuichi | Okiya Subaru, Enomoto Azusa, Morofushi Takaaki, Uehara Yui, Yamato Kansuke, Kudou Shinichi | Edogawa Conan, background characters, Other Character Tags to Be Added	Meitantei Conan: Zero's Tea Time, Missing Scene, Arc: Prefectural Border Murder Case c1082-1084 (Meitantei Conan), Polyamory, Denial of Feelings, Sexual Content, Crack, Humor, Other Additional Tags to Be Added	English	2022-03-12	Updated	2022-05-18	3624	4/?	1	34	2	391
39047478	Remarkable	['nguyenramel']	Not Rated	M/M	名探偵コナン | Detective Conan | Case Closed	Amuro Tooru | Furuya Rei/Kudou Shinichi | Edogawa Conan	Amuro Tooru | Furuya Rei, Kudou Shinichi | Edogawa Conan, Minor Characters	Pre-Relationship, How Do I Tag, Investigations, Amuro is interested, Conan is brilliant, I love them so much	English	2022-05-17	Completed	2022-05-17	881	1/1	null	37	2	227
24889312	a shitpost in an unforever number of parts	['fireflyfall']	Not Rated	Gen	Homestuck, Naruto, Harry Potter - J. K. Rowling, Danny Phantom, 僕のヒーローアカデミア | Boku no Hero Academia | My Hero Academia, 名探偵コナン | Detective Conan | Case Closed, 怪物事変 | Kemono Jihen (Manga), 怪物事変 | Kemono Jihen | Monster Incidents (Anime), 전지적 독자 시점 - 싱숑 | Omniscient Reader - Sing-Shong, Minecraft (Video Game), Video Blogging RPF, Dream SMP, Octopath Traveler (Video Game), キミガシネ | Kimi ga Shine | Your Turn To Die (Visual Novel), Batman - All Media Types		Lil Cal (Homestuck), Dave's Bro | Beta Dirk Strider, Hatake Kakashi, Harry Potter, Sai (Naruto), The Psiioniic | The Helmsman, Danny Fenton, Tucker Foley, Shinsou Hitoshi, Tsuburaya Mitsuhiko, Gamzee Makara, Uchiha Sasuke, Nara Shikamaru, Original Characters, Clay | Dream (Video Blogging RPF), Sam | Awesamdude (Video Blogging RPF), Alexis | Quackity, DreamXD, Kim Dokja, Original Hiyori Sou | Midori, Tim Drake, Jason Todd	Self-Insert, all the self-inserts, content varies depending on the character, but usually itll probably be shitty humor or angst, update im pretty sure this deserves the angst tag at this point, SO, Angst, tw's/cw's in the beginning notes of each chapter	English	2020-06-24	Updated	2022-05-17	54766	35/?	232	457	57	9510
37672654	Settling	['Shinigami24']	Explicit	M/M	名探偵コナン | Detective Conan | Case Closed	Akai Shuuichi | Okiya Subaru/Amuro Tooru | Furuya Rei/Scotch | Morofushi Hiromitsu, Amuro Tooru | Furuya Rei/Scotch | Morofushi Hiromitsu, Akai Shuuichi | Okiya Subaru/Scotch | Morofushi Hiromitsu, Akai Shuuichi | Okiya Subaru/Amuro Tooru | Furuya Rei, Hagiwara Kenji/Matsuda Jinpei, Minor or Background Relationship(s)	Amuro Tooru | Furuya Rei, Akai Shuuichi | Okiya Subaru, Scotch | Morofushi Hiromitsu, Kudou Shinichi | Edogawa Conan, Sera Masumi, Matsuda Jinpei, Hagiwara Kenji, Date Wataru, Minor Characters	Alpha/Beta/Omega Dynamics, Age Regression/De-Aging, Fluff, Smut, White Day, Arc: White Day Murder Case c0725-0727 | e0608-0609 (Meitantei Conan), Meitantei Conan Movie 24: Hiiro no Dangan | The Scarlet Bullet, Arc: Akemi Miyano's Time Capsule c1072-1072 (Meitantei Conan)	English	2022-03-12	Updated	2022-05-17	7680	16/20	null	53	null	161
37650616	Contact	['Shinigami24']	Mature	M/M	名探偵コナン | Detective Conan | Case Closed	Akai Shuuichi | Okiya Subaru/Amuro Tooru | Furuya Rei, Minor or Background Relationship(s)	Kudou Shinichi | Edogawa Conan, Akai Shuuichi | Okiya Subaru, Haneda Shuukichi, Amuro Tooru | Furuya Rei, Sera Masumi, Minor Characters	Black Organization (Meitantei Conan), Age Regression/De-Aging, Arc: A Killer in Ramen Ogura c0928-0939 | e0827-0828 (Meitantei Conan), Fluff, Arc: Girls Band Murder Case c0936-0938 | e0836-0837 (Meitantei Conan), Smut, Meitantei Conan Movie 20: Junkoku no Naitomea | The Darkest Nightmare, Arc: Akemi Miyano's Time Capsule c1070-1072 (Meitantei Conan), Arc: Hiroshi Agasa Abduction Case c1073-1075 (Meitantei Conan)	English	2022-03-11	Updated	2022-05-17	5395	16/20	null	15	null	105
37665913	Next Phase	['Shinigami24']	Explicit	M/M	名探偵コナン | Detective Conan | Case Closed	Akai Shuuichi | Okiya Subaru/Amuro Tooru | Furuya Rei/Scotch | Morofushi Hiromitsu, Amuro Tooru | Furuya Rei/Scotch | Morofushi Hiromitsu, Akai Shuuichi | Okiya Subaru/Scotch | Morofushi Hiromitsu, Akai Shuuichi | Okiya Subaru/Amuro Tooru | Furuya Rei, Hagiwara Kenji/Matsuda Jinpei, Minor or Background Relationship(s)	Akai Shuuichi | Okiya Subaru, Amuro Tooru | Furuya Rei, Scotch | Morofushi Hiromitsu, Kudou Shinichi | Edogawa Conan, Sera Masumi, Matsuda Jinpei, Date Wataru, Minor Characters	Age Regression/De-Aging, Crossdressing, Fluff, Smut, Arc: Black Organization vs. FBI c0499-0504 | e0425 (Meitantei Conan), Arc: Missing Classmate Case c0505-507 | e0427-0428 (Meitantei Conan), Flashbacks, Kaitou Kid Heist (Meitantei Conan/Magic Kaito)	English	2022-03-11	Updated	2022-05-17	6712	16/20	null	56	null	133
37666732	The Hunt	['Shinigami24']	Mature	M/M	名探偵コナン | Detective Conan | Case Closed	Akai Shuuichi | Okiya Subaru/Amuro Tooru | Furuya Rei	Akai Shuuichi | Okiya Subaru, Amuro Tooru | Furuya Rei, Amuro Haro | Furuya Rei's Dog, Kudou Shinichi | Edogawa Conan, Sera Masumi, Kuroba Kaito | Kaitou Kid, Minor Characters	Black Organization (Meitantei Conan), Age Regression/De-Aging, Fluff, Arc: FBI Serial Murder Case c1061-1066 (Meitantei Conan), Arc: Foreign Suspect Case c0605-0608 | e0501-0504 (Meitantei Conan), Flashbacks, Smut	English	2022-03-11	Updated	2022-05-17	5283	16/20	null	17	null	117
39038433	Oops Sparkly Slime is Bad	['Berryberryblitz']	Teen And Up Audiences		Magic Kaito, 名探偵コナン | Detective Conan | Case Closed	Kudou Shinichi | Edogawa Conan & Kuroba Kaito | Kaitou Kid	Kuroba Kaito | Kaitou Kid, Kudou Shinichi | Edogawa Conan, Haibara Ai | Miyano Shiho	sleepy, Mistake, Friendship, chemical misshap, Humor, Lack of sleep means mistakes, Needle threats	English	2022-05-17	Completed	2022-05-17	1043	1/1	null	18	null	122
39031080	Silver Ballet	['KaitoNoir']	Not Rated	Multi	名探偵コナン | Detective Conan | Case Closed	Haibara Ai | Miyano Shiho/Kudou Shinichi | Edogawa Conan, Vermouth (Meitantei Conan) & Everyone	Vermouth (Meitantei Conan), Chianti (Meitantei Conan), Korn (Meitantei Conan), Kudou Shinichi | Edogawa Conan, Haibara Ai | Miyano Shiho		English	2022-05-16	Completed	2022-05-16	609	1/1	null	42	null	107
37953769	Opus 17	['FeatherDragon']	Not Rated	Gen	名探偵コナン | Detective Conan | Case Closed	Kudou Shinichi | Edogawa Conan & Mouri Ran, Haibara Ai | Miyano Shiho & Kudou Shinichi | Edogawa Conan, Hattori Heiji & Kudou Shinichi | Edogawa Conan, Kudou Shinichi | Edogawa Conan & Shounen Tantei-dan | Detective Boys		Drabble Collection	English	2022-03-28	Updated	2022-05-16	9525	16/17	null	10	null	142
39027183	Detectives-in-Law	['Takara_Phoenix']	General Audiences	M/M	名探偵コナン | Detective Conan | Case Closed, Magic Kaito	Kudou Shinichi | Edogawa Conan/Kuroba Kaito | Kaitou Kid	Kuroba Kaito | Kaitou Kid, Kudou Shinichi | Edogawa Conan, Hakuba Saguru, Nakamori Aoko, Hattori Heiji, Tooyama Kazuha, Sera Masumi, Mouri Ran, Suzuki Sonoko, Kyougoku Makoto	Slash, Shounen-ai, Post-Conan Kudou Shinichi, Established Relationship, Fluff	English	2022-05-16	Completed	2022-05-16	1283	1/1	4	169	16	953
35764372	I Understand You	['Berryberryblitz']	Teen And Up Audiences	F/M, M/M	Magic Kaito, 名探偵コナン | Detective Conan | Case Closed	Kudou Shinichi | Edogawa Conan/Kuroba Kaito | Kaitou Kid, Kudou Shinichi | Edogawa Conan & Kuroba Kaito | Kaitou Kid, Kuroba Kaito | Kaitou Kid & Nakamori Ginzou, Kuroba Kaito | Kaitou Kid & Nakamori Aoko, Hakuba Saguru & Kuroba Kaito | Kaitou Kid	Kuroba Kaito | Kaitou Kid, Kudou Shinichi | Edogawa Conan, Nakamori Ginzou, Hakuba Saguru, Nakamori Aoko	kaishin - Freeform, shinkai, Permanent Injury, paralysed Kuroba Kaito, Blood and Injury, Friendship, Paranoid! Kuroba Kaito, Paranoid! Kudo Shinichi, Magic doesn't mix well with science, Violence, Kidnapping	English	2021-12-17	Updated	2022-05-16	14707	14/?	2	75	10	1518
35625472	Frightful Addiction	['Berryberryblitz']	Teen And Up Audiences	M/M	名探偵コナン | Detective Conan | Case Closed, Magic Kaito	Kudou Shinichi | Edogawa Conan & Kuroba Kaito | Kaitou Kid, Kudou Shinichi | Edogawa Conan/Kuroba Kaito | Kaitou Kid, Haibara Ai | Miyano Shiho & Kudou Shinichi | Edogawa Conan	Kuroba Kaito | Kaitou Kid, Kudou Shinichi | Edogawa Conan, Nakamori Aoko, Haibara Ai | Miyano Shiho	Vampire!Kuroba Kaito, Blood and Injury, Blood Drinking, depressed Kuroba Kaito, Kuroba Kaito | Kaitou Kid Needs a Hug, Angst, Kudo Shinichi is a good person, Murder, Fear, Self-Hatred, Guilt	English	2021-12-10	Updated	2022-05-16	14964	15/?	3	89	10	1845
38916957	Ruin me so sweetly love; then bury me in your heart	['Insertsomethingwittyhere']	Explicit	M/M	名探偵コナン | Detective Conan | Case Closed, Magic Kaito	Hattori Heiji/Kudou Shinichi | Edogawa Conan, Hakuba Saguru/Kuroba Kaito | Kaitou Kid, Kudou Shinichi | Edogawa Conan & Kuroba Kaito | Kaitou Kid	Kudou Shinichi | Edogawa Conan, Hattori Heiji, Mouri Ran, Agasa Hiroshi, Yoshida Ayumi, Haibara Ai | Miyano Shiho, Kojima Genta, Tsuburaya Mitsuhiko, Kuroba Kaito | Kaitou Kid, Hakuba Saguru, Kudou Yukiko, Kudou Yuusaku	No APTX 4869 Antidote, Aged up characters, Alpha Heiji, Omega Kudou Shinichi | Edogawa Conan, 27 yr old Heiji, 17 yr old Conan, Mitsuhiko is Mitch bcs Im watching it dubbed and I keep fluffing up his name otherwise, Fluff, Light Angst, Knotting, heat - Freeform, Rut, Teen Pregnancy, the black org isnt down yet, no miscommunication in this fic, Nuh uh, we have a healthy dose of Heiji talking too much, Hakuba and Kaito being sickly sweet in the background, I will have my HakuKai	English	2022-05-10	Updated	2022-05-16	4710	2/?	2	8	null	150
38911089	falling apart but there's no seams	['Kencha']	Teen And Up Audiences		名探偵コナン | Detective Conan | Case Closed, Magic Kaito	Kudou Shinichi | Edogawa Conan & Kuroba Kaito | Kaitou Kid, Kudou Shinichi | Edogawa Conan/Mouri Ran, Kudou Shinichi | Edogawa Conan & Mouri Kogorou, Mouri Kogorou & Mouri Ran	Kudou Shinichi | Edogawa Conan, Mouri Ran, Mouri Kogorou, Kudou Yuusaku, Kudou Yukiko, Kuroba Kaito | Kaitou Kid	shapeshifter fic, Rated for not fun times, Apotoxin 4869 Does Not Shrink Shinichi, Hurt/Comfort, Alternate Universe - Canon Divergence	English	2022-05-16	Updated	2022-05-16	8596	1/2	5	31	4	186
38943588	Back to Basics	['circumference']	General Audiences	Gen	名探偵コナン | Detective Conan | Case Closed	Haibara Ai | Miyano Shiho & Mouri Ran, Shiho & Ran & Sonoko & Masumi, Mouri Ran & Sera Masumi	Haibara Ai | Miyano Shiho, Mouri Ran, Suzuki Sonoko, Sera Masumi, Agasa Hiroshi	canon-typical amounts of SeRan, hints of ShinRan, Mostly Fluff, sprinkling of angst	English	2022-05-15	Completed	2022-05-15	2272	1/1	6	26	3	132
39011925	what a mess I'm making	['blenderfullasarcasm']	General Audiences	Gen	名探偵コナン | Detective Conan | Case Closed, Magic Kaito	Kudou Shinichi | Edogawa Conan & Mouri Ran, Kudou Shinichi | Edogawa Conan & Kuroba Kaito | Kaitou Kid	Kudou Shinichi | Edogawa Conan	Birthday Cake, Baking	English	2022-05-15	Completed	2022-05-15	0	1/1	1	13	null	121
39008772	A Study in Myriads	['CobaltCephalopod']	Teen And Up Audiences	Gen, M/M	名探偵コナン | Detective Conan | Case Closed, Magic Kaito	Kudou Shinichi | Edogawa Conan/Kuroba Kaito | Kaitou Kid	Kudou Shinichi | Edogawa Conan, Kuroba Kaito | Kaitou Kid		English	2022-05-15	Updated	2022-05-15	483	1/20	null	21	null	116
22791592	Skyline: Escape	['Alshoruzen']	Mature	M/M	名探偵コナン | Detective Conan | Case Closed, Magic Kaito	Kudou Shinichi | Edogawa Conan/Kuroba Kaito | Kaitou Kid	Kudou Shinichi | Edogawa Conan, Kuroba Kaito | Kaitou Kid, Haibara Ai | Miyano Shiho, Hattori Heiji, Hakuba Saguru	Romance, Science Fiction, Alternate Universe - Science Fiction, Mutants, Mutant Powers	English	2020-02-18	Completed	2022-05-15	11487	4/4	6	150	11	1464
38972523	(in my field) of paper flowers	['Thrushsong_kVaris']	Teen And Up Audiences	Multi	名探偵コナン | Detective Conan | Case Closed, Magic Kaito	Kudou Shinichi | Edogawa Conan/Mouri Ran, Kudou Shinichi | Edogawa Conan/Kuroba Kaito | Kaitou Kid, Kudou Shinichi | Edogawa Conan/Kuroba Kaito | Kaitou Kid/Mouri Ran	Kudou Shinichi | Edogawa Conan, Mouri Ran, Kuroba Kaito | Kaitou Kid, Hattori Heiji, Kudou Yukiko, Vermouth (Meitantei Conan), Satou Miwako	Polyamory, Alternate Universe - Royalty, Alternate Universe - Magic, Sato is a dragon, Vermouth is a fae, Heiji is also magic but that's only referenced, The Kudos are royalty, POV Kudou Shinichi | Edogawa Conan, Fluff, i dont know what else to tag this tis mostly fluff and shenanigans, Humor, Sappy Ending	English	2022-05-13	Completed	2022-05-15	7317	6/6	2	31	8	311
38042689	Blood Bound	['Rainyfox3']	Teen And Up Audiences	M/M	名探偵コナン | Detective Conan | Case Closed, Magic Kaito	Kudou Shinichi | Edogawa Conan/Kuroba Kaito | Kaitou Kid	Kudou Shinichi | Edogawa Conan, Kuroba Kaito | Kaitou Kid, Koizumi Akako, Nakamori Aoko, Nakamori Ginzou, Gin (Meitantei Conan), Snake | Jackal (Magic Kaito), Vermouth (Meitantei Conan)	Alternate Universe - Vampire, Warning: You will see blood and stuff so be careful if you can't cope with stuff like this...	English	2022-04-24	Updated	2022-05-15	90	2/?	23	118	14	1926
36742888	The Light in my Nightmares	['Subbe93']	Teen And Up Audiences	F/M	名探偵コナン | Detective Conan | Case Closed	Kudou Shinichi | Edogawa Conan/Mouri Ran, Past Kudou Shinichi/OC	Kudou Shinichi | Edogawa Conan, Mouri Ran, Araide Tomoaki	Angst, Darkfic, Hurt/Comfort, Slow Romance, Post-Traumatic Stress Disorder - PTSD, alternative universe	English	2022-01-30	Updated	2022-05-15	44168	9/18	13	36	2	755
38998068	if my heart was a house (you’d be home)	['spiltmilktea']	General Audiences	M/M	Magic Kaito, 名探偵コナン | Detective Conan | Case Closed	Kudou Shinichi | Edogawa Conan/Kuroba Kaito | Kaitou Kid	Kuroba Kaito | Kaitou Kid, Kudou Shinichi | Edogawa Conan	Alternate Universe - Post-Canon, Fluff, Domesticity, Established Relationship, this is disgustingly soft and criminally self indulgent I'm so sorry please don't perceive, author is HORRIFIED (and a clown honkhonk)	English	2022-05-15	Completed	2022-05-15	3860	1/1	6	86	10	468
35329654	Kudo Shinichi Should Probably Tell His Parents These Things	['Yellow_Spider']	Teen And Up Audiences	Gen	名探偵コナン | Detective Conan | Case Closed, Magic Kaito	Minor or Background Relationship(s), ALMOST all canon ships, No ShinRan or KaiAo sorry!	Kudou Shinichi | Edogawa Conan, Kuroba Kaito | Kaitou Kid, Kuroba Chikage, Kuroba Touichi, Koizumi Akako, Hakuba Saguru, Hattori Heiji, Tooyama Kazuha, Mouri Ran, Suzuki Sonoko, Sera Masumi, Haibara Ai | Miyano Shiho, Suzuki Jirokichi, Tokyo Metropolitan Police Officers (Meitantei Conan), Nakamori Aoko, Nakamori Ginzou, Background & Cameo Characters, Jii Kounosuke, Agasa Hiroshi, Spider | Gunter von Goldberg II, Snake | Jackal (Magic Kaito), Mouri Kogorou, Kisaki Eri	I will update tags as I go, Kuroba Kaito Is Not Kaitou Kid, Edogawa Conan and Kudou Shinichi are Separate People, if Conan even exists, Kudo Shinichi is Kaitou KID, this is my first ever fanfiction, Possibly OOC?, Nakamori Aoko doesn't fully hate KID, Hakuba and Akako still accuse Kaito of being KID lol, No beta we die like all side characters in the Detective Conan Filler episodes, Kudou Shinichi | Edogawa Conan Has Bad Luck, Because murders still happen around him, even though he's kid, Jii Konosuke is so done with Shinichi, ALSO since it's Detective Conan there will be the following, Murder, Suicide Attempt, Suicide, Implied/Referenced Suicide, Stealing, Shinich doesn't hold heists as often as Kaito, He didn't train to be a magician, POV Kuroba Kaito | Kaitou Kid, POV Kudou Shinichi | Edogawa Conan, mostly - Freeform, Sometimes I use another POV, Swearing, I dont know how the Kid the Phantom Theif fits in because they created the episodes later, Also it's 100 percent a custom timeline now lol, I realize I probably should have tagged this sooner, but SHINICHI IS STILL A DETECTIVE, (but y'know how Conan works out? with him hiding behind Kogoro? that's still going to happen), Shinichi and Kaito's organizations are one in the same, It's just a role-swap au tbh, A bunch of characters mostly get mentioned, Updates Changed to Every Other Saturday	English	2021-11-25	Updated	2022-05-14	99998	21/?	123	139	30	3653
